{"hg_train_loss": 0.5675272345542908, "hg_val_loss": 0.5435454845428467, "hg_overall_rho": 0.6591662368743478, "hg_overall_rho_sp": 0.6986669604612912, "hg_low_rho": 0.5260589447892664, "hg_low_rho_sp": 0.5549313124468804, "hg_high_rho": 0.18857261834704514, "hg_high_rho_sp": 0.20242519907960543, "hg_median_cell_rho": 0.6561212126257017, "hg_median_cell_rho_sp": 0.6974086724376263, "hg_median_gene_rho": NaN, "hg_median_gene_rho_sp": NaN, "_timestamp": 1661184698.626031, "_runtime": 3288.675539970398, "_step": 21, "_wandb": {"runtime": 3436}}