{"mouse_train_loss": 0.04330434650182724, "rhesus_train_loss": -0.009776156395673752, "rat_train_loss": 0.01611465774476528, "_timestamp": 1683434149.9283056, "_runtime": 663.4364235401154, "human_train_loss": 0.007409661076962948, "human_val_loss": 0.013059797696769238, "human_val_loss_poisson": 0.008972966112196445, "human_val_loss_bce": 0.00408683018758893, "_step": 1, "_wandb": {"runtime": 663}}