{"hg_train_loss": 0.8581556081771851, "hg_val_loss": 0.6514631509780884, "hg_overall_rho": 0.6347624375039433, "hg_overall_rho_sp": 0.6953490411038191, "hg_low_rho": 0.5423741826299016, "hg_low_rho_sp": 0.5973958814135519, "hg_high_rho": 0.07757768167513687, "hg_high_rho_sp": 0.10943282988055412, "hg_median_cell_rho": 0.6421313535002022, "hg_median_cell_rho_sp": 0.6999224179163297, "hg_median_gene_rho": NaN, "hg_median_gene_rho_sp": NaN, "_timestamp": 1661181241.9807513, "_runtime": 1545.1216733455658, "_step": 10, "_wandb": {"runtime": 1622}}