{"human_train_loss": 0.034591540694236755, "_timestamp": 1683434505.3728993, "_runtime": 252.98385429382324, "human_val_loss": 0.02666514180600643, "human_val_loss_poisson": 0.013663413934409618, "human_val_loss_bce": 0.01300172507762909, "human_ATAC_pearsons": 0.0663730725646019, "human_ATAC_R2": -0.09628593921661377, "human_ATAC_ROC": 0.46533626317977905, "human_ATAC_pos_rate": 0.003442340763285756, "human_ATAC_PR": 0.003559534903615713, "_step": 1, "_wandb": {"runtime": 280}}