{"hg_train_loss": 1.3363803625106812, "hg_val_loss": 1.3796443939208984, "hg_overall_rho": -0.006044816354393639, "hg_overall_rho_sp": -0.014354559305585907, "hg_low_rho": -0.025031376403705917, "hg_low_rho_sp": -0.031612661258159695, "hg_high_rho": 0.017530150076168642, "hg_high_rho_sp": 0.027143073539386234, "hg_median_cell_rho": -0.048274646511936636, "hg_median_cell_rho_sp": -0.053219965355146184, "hg_median_gene_rho": 0.02205193802399462, "hg_median_gene_rho_sp": 0.0, "_timestamp": 1660704180.0326355, "_runtime": 442.91576051712036, "hg_val_loss_ho": 1.1686766147613525, "hg_overall_rho_ho": 0.08650548496776546, "hg_overall_rho_sp_ho": 0.0846991561079814, "hg_low_rho_ho": 0.032499216212409844, "hg_low_rho_sp_ho": 0.07626263866842425, "hg_high_rho_ho": 0.025945452598425008, "hg_high_rho_sp_ho": 0.0332141527724856, "hg_median_cell_rho_ho": 0.008166190405136027, "hg_median_cell_rho_sp_ho": 0.039859624787410106, "hg_median_gene_rho_ho": 0.17578237244994083, "hg_median_gene_rho_sp_ho": 0.13522468075656266, "cells_correlations": {"_type": "table-file", "sha256": "14bb6d5daef6e4ed2031722e7e100b6b581b75d4663f42a3bb812ba17ff8680d", "size": 17413, "artifact_path": "wandb-client-artifact://fhxer9metfnsenmee1e59u8xvewpw2av2pnak3gh9jc5esjm5d2azhh39z340j4ry781kk6lt0kirvgbf0mes7su2rlw1exectafb4gqrogivwl3qhu1mknl8rmcftb6:latest/cells_correlations.table.json", "_latest_artifact_path": "wandb-client-artifact://fhxer9metfnsenmee1e59u8xvewpw2av2pnak3gh9jc5esjm5d2azhh39z340j4ry781kk6lt0kirvgbf0mes7su2rlw1exectafb4gqrogivwl3qhu1mknl8rmcftb6:latest/cells_correlations.table.json", "path": "media/table/cells_correlations_1_14bb6d5daef6e4ed2031.table.json", "ncols": 4, "nrows": 215}, "genes_correlations": {"_type": "table-file", "sha256": "18891ee8aac84d2c6867a1231d6b7452472740560ec97b37dd4128fd7402ae44", "size": 151299, "artifact_path": "wandb-client-artifact://11gza3530hy2fxqknec83qvru9a6276dwondajo6jun8mzlue73kw7ceym5i3r5u582bd2h756spvhrr7otz3phu0njmgpvsvwwnxphyiegza0rrbja7ils2ejz15mfw:latest/genes_correlations.table.json", "_latest_artifact_path": "wandb-client-artifact://11gza3530hy2fxqknec83qvru9a6276dwondajo6jun8mzlue73kw7ceym5i3r5u582bd2h756spvhrr7otz3phu0njmgpvsvwwnxphyiegza0rrbja7ils2ejz15mfw:latest/genes_correlations.table.json", "path": "media/table/genes_correlations_1_18891ee8aac84d2c6867.table.json", "ncols": 6, "nrows": 1572}, "cell level corr": {"_type": "plotly-file", "sha256": "b821c38d0d998edb4330ea47fd178949717bba1084178a4633dcfc37737957c3", "size": 10042, "path": "media/plotly/cell level corr_1_b821c38d0d998edb4330.plotly.json"}, "gene level corrs/var": {"_type": "plotly-file", "sha256": "5cab90788915464d3fca66e8f03679288af2ee3af1a219742752639eaad93fd8", "size": 9642, "path": "media/plotly/gene level corrs/var_1_5cab90788915464d3fca.plotly.json"}, "learning_rate": 7.190795713540865e-06, "_step": 6, "_wandb": {"runtime": 460}}