{"hg_train_loss": 1.6903616189956665, "_timestamp": 1661788679.655797, "_runtime": 627.7619779109955, "hg_val_loss": 1.4621480703353882, "hg_overall_rho": 0.08457912091613262, "hg_overall_rho_sp": 0.07913163655439959, "hg_low_var": NaN, "hg_low_var_sp": NaN, "hg_high_var": NaN, "hg_high_var_sp": NaN, "hg_median_cell_rho": 0.08406280223509659, "hg_median_cell_rho_sp": 0.07706317099092092, "hg_median_gene_rho": NaN, "hg_median_gene_rho_sp": NaN, "_step": 2, "_wandb": {"runtime": 663}}