{"hg_train_loss": 1.074572205543518, "hg_val_loss": 0.8896974921226501, "hg_overall_rho": 0.5245385039692019, "hg_overall_rho_sp": 0.5842558094976229, "hg_low_rho": 0.3982465315281453, "hg_low_rho_sp": 0.3617106191268618, "hg_high_rho": 0.12824439384414524, "hg_high_rho_sp": 0.13691990814381833, "hg_median_cell_rho": 0.523251645180486, "hg_median_cell_rho_sp": 0.5848532839605782, "hg_median_gene_rho": NaN, "hg_median_gene_rho_sp": NaN, "_timestamp": 1661185645.8142598, "_runtime": 767.1758828163147, "_step": 4}