{"human_train_loss": -0.024095579981803894, "_timestamp": 1680141082.5499895, "_runtime": 507.1516845226288, "human_val_loss": 0.04491068050265312, "human_val_loss_poisson": 0.024317340925335884, "human_val_loss_bce": 0.020593343302607536, "human_ATAC_pearsons": 0.1682572215795517, "human_ATAC_R2": -0.07293105125427246, "human_ATAC_ROC": 0.5053420662879944, "human_ATAC_pos_rate": 0.011647761799395084, "human_ATAC_PR": 0.011324543505907059, "_step": 2, "_wandb": {"runtime": 533}}