{"human_train_loss": 0.0941983014345169, "_timestamp": 1683167898.4454296, "_runtime": 207.18870544433594, "_step": 1, "_wandb": {"runtime": 290}}