{"human_train_loss": -1.0363584756851196, "_timestamp": 1679416872.0821364, "_runtime": 403.4459443092346, "human_val_loss": -2.4190104007720947, "_step": 1, "_wandb": {"runtime": 461}}