{"human_train_loss": -0.033937662839889526, "_timestamp": 1680139479.4711297, "_runtime": 516.728034734726, "human_val_loss": -0.056217823177576065, "human_val_loss_poisson": -0.058114636689424515, "human_val_loss_bce": 0.0018968150252476335, "human_ATAC_pearsons": 0.338033527135849, "human_ATAC_R2": 0.10013842582702637, "human_ATAC_ROC": 0.5, "human_ATAC_pos_rate": 0.012151297181844711, "human_ATAC_PR": 0.012151297181844711, "_step": 1, "_wandb": {"runtime": 583}}