{"human_train_loss": 0.11325306445360184, "_timestamp": 1674750862.7509131, "_runtime": 393.29478216171265, "human_val_loss": 0.1064453274011612, "human_val_tracks_pearsons": 0.0024345151614397764, "human_ATAC_pearsons": 0.0025754678063094616, "human_CAGE_pearsons": 0.002293562050908804, "human_val_tracks_R2": -0.0254567451775074, "human_ATAC_r2": -0.0500003919005394, "human_CAGE_R2": -0.0009131008409895003, "_step": 1, "_wandb": {"runtime": 485}}