{"human_train_loss": 0.11359092593193054, "_timestamp": 1674749823.3640869, "_runtime": 416.9379527568817, "human_val_loss": 0.11375805735588074, "human_val_tracks_pearsons": 0.0027063696179538965, "human_ATAC_pearsons": 0.004063522443175316, "human_CAGE_pearsons": 0.0013492170255631208, "human_val_tracks_R2": -0.084539033472538, "human_ATAC_r2": -0.1680782288312912, "human_CAGE_R2": -0.0009998544119298458, "_step": 1, "_wandb": {"runtime": 410}}