{"hg_train_loss": 1.4658069610595703, "hg_val_loss": 1.3079410791397095, "hg_overall_rho": -0.015490316790109968, "hg_overall_rho_sp": -0.006212641279770469, "hg_low_rho": -0.006770231133269741, "hg_low_rho_sp": 0.007845399479823328, "hg_high_rho": 0.01385761120834358, "hg_high_rho_sp": 0.009499108478774712, "hg_median_cell_rho": 0.10170795519468978, "hg_median_cell_rho_sp": 0.10846653195089985, "hg_median_gene_rho": -0.08151739971823124, "hg_median_gene_rho_sp": -0.09572762422202341, "_timestamp": 1661131982.265526, "_runtime": 752.7081651687622, "hg_val_loss_ho": 0.9498141407966614, "hg_overall_rho_ho": 0.1391952424842796, "hg_overall_rho_sp_ho": 0.2122359683390509, "hg_low_rho_ho": 0.0697018585736421, "hg_low_rho_sp_ho": 0.1329944356405356, "hg_high_rho_ho": -0.014085317780637157, "hg_high_rho_sp_ho": -0.0043564204416899266, "hg_median_cell_rho_ho": 0.14911040636684378, "hg_median_cell_rho_sp_ho": 0.2192658689314719, "hg_median_gene_rho_ho": 0.3999287593420662, "hg_median_gene_rho_sp_ho": 0.4270992778072193, "cells_correlations": {"_type": "table-file", "sha256": "143c5388d04ba21ec1d5b7f504ab50b4bb0915fd46a3a8f39d849885a1febb90", "size": 17100, "artifact_path": "wandb-client-artifact://8jf00jhld8mfq6u5c6ish8bj20y5ihfdeqmda15vlozeninyqam38mx84djvfxdo7j807gtfhb6rsqwr9x1kpdo0rrb5tpy4u4z099ts4f34v7w4pfotx9md3d28mirf:latest/cells_correlations.table.json", "_latest_artifact_path": "wandb-client-artifact://8jf00jhld8mfq6u5c6ish8bj20y5ihfdeqmda15vlozeninyqam38mx84djvfxdo7j807gtfhb6rsqwr9x1kpdo0rrb5tpy4u4z099ts4f34v7w4pfotx9md3d28mirf:latest/cells_correlations.table.json", "path": "media/table/cells_correlations_1_143c5388d04ba21ec1d5.table.json", "ncols": 4, "nrows": 215}, "genes_correlations": {"_type": "table-file", "sha256": "f3c86ea203c901a701bcd0529d1bfecd3272c1a835dde6e0aa4763bcd5247999", "size": 143053, "artifact_path": "wandb-client-artifact://12n92z50a85rbr9jrb16uok4rtdprovjv5bzsgl5mf15vizy789qlfzrkdvh89sf66x7o2npgxw7jthjt639rrixno3vx882dn6k4ra41qhhdps7mj2e802siz97lgju:latest/genes_correlations.table.json", "_latest_artifact_path": "wandb-client-artifact://12n92z50a85rbr9jrb16uok4rtdprovjv5bzsgl5mf15vizy789qlfzrkdvh89sf66x7o2npgxw7jthjt639rrixno3vx882dn6k4ra41qhhdps7mj2e802siz97lgju:latest/genes_correlations.table.json", "path": "media/table/genes_correlations_1_f3c86ea203c901a701bc.table.json", "ncols": 6, "nrows": 1499}, "cell level corr": {"_type": "plotly-file", "sha256": "d7a3b3e49c394932d94f61ee7d7bae4b5e5cd527eccf995f30ddc538efb67e50", "size": 10012, "path": "media/plotly/cell level corr_1_d7a3b3e49c394932d94f.plotly.json"}, "gene level corrs/var": {"_type": "plotly-file", "sha256": "44d0e23bc3781985bf4f8918f05b8e72740616e56febe0979cd22a227fba1f5b", "size": 9641, "path": "media/plotly/gene level corrs/var_1_44d0e23bc3781985bf4f.plotly.json"}, "learning_rate": 2.3969318135641515e-05, "_step": 20, "_wandb": {"runtime": 761}}