{"hg_train_loss": 1.722528100013733, "_timestamp": 1661789607.8057816, "_runtime": 637.0127046108246, "hg_val_loss": 1.575033187866211, "hg_overall_rho": 0.004897793395927918, "hg_overall_rho_sp": 0.009712210110806327, "hg_low_var": NaN, "hg_low_var_sp": NaN, "hg_high_var": NaN, "hg_high_var_sp": NaN, "hg_median_cell_rho": 0.0035258873121013926, "hg_median_cell_rho_sp": 0.013857643605596564, "hg_median_gene_rho": NaN, "hg_median_gene_rho_sp": NaN, "_step": 2, "_wandb": {"runtime": 673}}