{"human_train_loss": -0.24705085158348083, "_timestamp": 1683169069.283758, "_runtime": 974.6555509567261, "human_val_loss": 0.03744209185242653, "human_val_tracks_pearsons": 0.07526879757642746, "human_ATAC_pearsons": 0.14055384695529938, "human_CAGE_pearsons": 0.009983754716813564, "human_val_tracks_R2": -0.15662060678005219, "human_ATAC_R2": -0.3130328953266144, "human_CAGE_R2": -0.0002083645958919078, "gene_spec_mean_corrs": 0.0027447098955311576, "gene_spec_mean_corrs_raw": 0.3412821227251032, "cell_spec_mean_corrs": 0.4498095505076418, "cell_spec_mean_corrs_raw": 0.4498095504688063, "human_OVERALL_TSS_predictions": {"_type": "plotly-file", "sha256": "344e554e46becae7e3982872e23fdc86143684476c115f233bc3ac2afb96c39a", "size": 329954, "path": "media/plotly/human_OVERALL_TSS_predictions_2_344e554e46becae7e398.plotly.json"}, "cross_cell_dist": {"_type": "plotly-file", "sha256": "0d6c424b7b115800c008fdf52fd34a10f7d1dc71d5304301adc5859e082c2e6c", "size": 9961, "path": "media/plotly/cross_cell_dist_2_0d6c424b7b115800c008.plotly.json"}, "cross_gene_dist": {"_type": "plotly-file", "sha256": "fd3c5ffe8b37115805d80f05bd7cf254dcada832c63b4f368fb2b143167e92cb", "size": 10035, "path": "media/plotly/cross_gene_dist_2_fd3c5ffe8b37115805d8.plotly.json"}, "_step": 2, "_wandb": {"runtime": 1955}}